,city,state,population,total_food,latitude,longitude,total_scraped
0,New York,New York,8537673,54191,40.70544486444615,-73.99429321289062,1000
1,Los Angeles,California,3976322,41685,34.0615895441259,-118.32138061523438,1000
2,Chicago,Illinois,2704958,19315,41.90515925618311,-87.67776489257812,1000
3,Houston,Texas,2303482,15197,29.784854159670427,-95.35995483398438,1000
4,Phoenix,Arizona,1615017,11034,33.46508570380732,-112.07015991210938,1000
5,Philadelphia,Pennsylvania,1567872,15438,39.95378209544653,-75.17120361328125,1000
6,San Antonio,Texas,1492510,6273,29.494438307483204,-98.514404296875,1000
7,San Diego,California,1406630,13666,32.790569394537286,-117.15408325195312,1000
8,Dallas,Texas,1317929,14633,32.839043482398054,-96.800537109375,1000
9,San Jose,California,1025350,10755,37.31648115417059,-121.88507080078125,1000
10,Austin,Texas,947890,6951,30.305156315977833,-97.75772094726562,1000
11,Jacksonville,Florida,880619,3791,30.293426698366147,-81.617431640625,1000
12,San Francisco,California,870887,12910,37.76089938976322,-122.43644714355469,1000
13,Columbus,Ohio,860090,4806,40.011656617607905,-82.99896240234375,1000
14,Indianapolis,Indiana,855164,4731,39.806244001487215,-86.1383056640625,1000
15,Fort Worth,Texas,854113,7745,32.74899913615678,-97.34419651339171,1000
16,Charlotte,North Carolina,842051,5403,35.19608159407329,-80.83053588867188,1000
17,Seattle,Washington,704352,10932,47.62541904760501,-122.33551025390625,1000
18,Denver,Colorado,693060,9778,39.73552421220229,-104.92427063177813,999
19,El Paso,Texas,683080,2098,31.79338938484897,-106.42730712890625,1000
20,Washington,District of Columbia,681170,10108,38.911293573163775,-77.0306396484375,1000
21,Boston,Massachusetts,673184,8466,42.34784169448538,-71.07124328613281,1000
22,Detroit,Michigan,672795,9816,42.36241855567113,-83.09097290039062,1000
23,Nashville-Davidson,Tennessee,660388,4562,36.137698356986476,-86.7755126953125,1000
24,Memphis,Tennessee,652717,2938,35.1309663564973,-90.01439168183593,1000
25,Portland,Oregon,639863,9353,45.515785397030584,-122.65411376953125,1000
26,Oklahoma City,Oklahoma,638367,3331,35.49069048431262,-97.53936767578125,1000
27,Las Vegas,Nevada,632912,7531,36.13548018972958,-115.19302368164062,1000
28,Louisville-Jefferson County,Kentucky,616261,2981,38.22505524218758,-85.6768798828125,1000
29,Baltimore,Maryland,614664,4990,39.309286203696686,-76.60903930664062,1000
30,Milwaukee,Wisconsin,595047,3865,43.04160973514253,-87.95516967773438,1000
31,Albuquerque,New Mexico,559277,2317,35.11524107648647,-106.6058349609375,1000
32,Tucson,Arizona,530706,2699,32.245161513458996,-110.93170166015625,1000
33,Fresno,California,522053,2858,36.79591190888499,-119.79217529296875,1000
34,Sacramento,California,495234,6896,38.57268335289412,-121.44287109375,1000
35,Mesa,Arizona,484587,9144,33.40376101237911,-111.74331665039062,1000
36,Kansas City,Missouri,481420,4873,39.09299419854235,-94.581298828125,1000
37,Atlanta,Georgia,472522,13098,33.81321311652279,-84.37362670898438,1000
38,Long Beach,California,470130,12646,33.80250129817321,-118.16207885742188,1000
39,Colorado Springs,Colorado,465101,1954,38.872678453126255,-104.79034423828125,999
40,Raleigh,North Carolina,458880,4708,35.82320511569093,-78.651123046875,1000
41,Miami,Florida,453579,11204,25.752753731496888,-80.2880859375,1000
42,Virginia Beach,Virginia,452602,4120,36.83439143454004,-76.08993530273438,1000
43,Omaha,Nebraska,446970,2389,41.249751460388396,-96.04934692382812,1000
44,Oakland,California,420005,13312,37.801601402840575,-122.24075317382812,1000
45,Minneapolis,Minnesota,413651,7147,44.96558443188442,-93.2904052734375,1000
46,Tulsa,Oklahoma,403090,2273,36.10220015729658,-95.9271240234375,1000
47,Arlington,Texas,392772,3754,32.724186254236045,-97.11982727050781,999
48,New Orleans,Louisiana,391495,3744,29.956084336405493,-90.08377075195312,1000
49,Wichita,Kansas,389902,1342,37.691248500086644,-97.32650756835938,1000
50,Cleveland,Ohio,385809,5249,41.47341857719741,-81.67236328125,1000
51,Tampa,Florida,377165,8420,27.99909823639251,-82.48123168945312,999
52,Bakersfield,California,376380,1715,35.36648088499307,-119.04510498046875,1000
53,Aurora,Colorado,361710,9124,39.6816440419978,-104.81643676757812,998
54,Honolulu,Hawaii,351792,4557,21.312373567984643,-157.83824927977653,1000
55,Anaheim,California,351043,39032,33.82918565588233,-117.90252685546875,1000
56,Santa Ana,California,334217,5579,33.737863382783246,-117.88261413574219,1000
57,Corpus Christi,Texas,325733,1164,27.79242186038231,-97.31398394804688,1000
58,Riverside,California,324722,10454,33.9466061443945,-117.39481638164318,1000
59,Lexington-Fayette,Kentucky,318449,1118,38.027495557598,-84.49241638183594,1000
60,St. Louis,Missouri,311404,6170,38.61239775768799,-90.32135009765625,999
61,Stockton,California,307072,3212,37.98516000688939,-121.30279541015625,1000
62,Pittsburgh,Pennsylvania,303625,5678,40.44467404448069,-79.97909545898438,1000
63,St. Paul,Minnesota,302398,4199,44.94204919842658,-93.10638427734375,999
64,Cincinnati,Ohio,298800,5019,39.12668304781967,-84.5068359375,1000
65,Anchorage,Alaska,298192,998,61.17686253072936,-149.84603560322265,992
66,Henderson,Nevada,292969,3604,36.05739623591613,-114.974944004472,1000
67,Greensboro,North Carolina,287027,1347,36.07847297480494,-79.84039306640625,999
68,Plano,Texas,286057,5532,33.065032765672925,-96.75315856933594,1000
69,Newark,New Jersey,281764,3155,40.731226555856765,-74.171320475,1000
70,Lincoln,Nebraska,280364,810,40.80908616057896,-96.68449401855469,807
71,Toledo,Ohio,278508,1712,41.66349521190404,-83.6114501953125,1000
72,Orlando,Florida,277173,7667,28.502333027646777,-81.37710571289062,1000
73,Chula Vista,California,267172,8681,32.65648694571438,-117.01332092285156,1000
74,Irvine,California,266122,9375,33.67859713176237,-117.79335021972656,1000
75,Fort Wayne,Indiana,264488,1063,41.102972700805125,-85.1495361328125,999
76,Jersey City,New Jersey,264152,18319,40.726434262123384,-74.04706186327107,1000
77,Durham,North Carolina,263016,4438,35.97671880559004,-78.91891479492188,1000
78,St. Petersburg,Florida,260999,3142,27.82077704477026,-82.67587354335937,1000
79,Laredo,Texas,257156,439,27.549638758204757,-99.481201171875,439
80,Buffalo,New York,256902,4173,42.927083810690746,-78.81317138671875,1000
81,Madison,Wisconsin,252551,1961,43.075725281881425,-89.39849853515625,1000
82,Lubbock,Texas,252506,731,33.55279746970649,-101.89476013183594,728
83,Chandler,Arizona,247477,4314,33.31868809998127,-111.8792724609375,1000
84,Scottsdale,Arizona,246645,11990,33.65738370238597,-111.873779296875,1000
85,Glendale,Arizona,245895,10110,33.60873015091017,-112.16172916773561,1000
86,Reno,Nevada,245255,1991,39.499620414248504,-119.80178833007812,1000
87,Norfolk,Virginia,245115,2960,36.88946195682935,-76.24935402310793,1000
88,Winston-Salem,North Carolina,242203,928,36.10171934042868,-80.27304830878907,928
89,North Las Vegas,Nevada,238702,5822,36.23647571167656,-115.12367248535156,1000
90,Irving,Texas,238289,7712,32.866413775,-96.956534925,1000
91,Chesapeake,Virginia,237940,4234,36.785076274461545,-76.28044789937205,1000
92,Gilbert,Arizona,237133,8796,33.33408700665396,-111.763916015625,1000
93,Hialeah,Florida,236387,9032,25.891774106788077,-80.27070212387964,1000
94,Garland,Texas,234943,6676,32.90779649189298,-96.63848876953125,1000
95,Fremont,California,233136,5325,37.53527676006081,-121.9866943359375,1000
96,Baton Rouge,Louisiana,227715,1527,30.423387084861332,-91.09451293945312,1000
97,Richmond,Virginia,223170,3177,37.55746348955376,-77.49618530273438,1000
98,Boise City,Idaho,223154,1358,43.61117622996352,-116.24359130859375,1000
99,San Bernardino,California,216239,2733,34.130520130517155,-117.28179931640625,1000
100,Spokane,Washington,215973,1484,47.67722475065388,-117.40676879882812,1000
101,Des Moines,Iowa,215472,1473,41.60128902273806,-93.63510131835938,1000
102,Modesto,California,212175,1597,37.65442568207335,-120.98672693973475,1000
103,Birmingham,Alabama,212157,2183,33.473665348883976,-86.77688598632812,1000
104,Tacoma,Washington,211277,5266,47.27719204999227,-122.45635986328125,1000
105,Fontana,California,209665,4070,34.101828736891434,-117.45776643274425,1000
106,Rochester,New York,208880,2465,43.151914922951846,-77.61154174804688,999
107,Oxnard,California,207906,1649,34.23037954334852,-119.1698752724853,1000
108,Moreno Valley,California,205499,2438,33.94889657772191,-117.20352172851562,1000
109,Fayetteville,North Carolina,204759,817,35.06331625,-78.93745422363281,815
110,Aurora,Illinois,201110,2123,41.77786459202035,-88.2838422045933,1000
111,Glendale,California,200831,17533,34.19301859715159,-118.24516296386719,1000
112,Yonkers,New York,200807,10098,40.94459326118324,-73.85833740234375,1000
113,Huntington Beach,California,200652,11245,33.710208251280605,-118.01170349121094,1000
114,Montgomery,Alabama,200022,716,32.35543570604608,-86.25778198242188,716
115,Amarillo,Texas,199582,593,35.203936803503765,-101.79794311523438,592
116,Little Rock,Arkansas,198541,1378,34.748209649826,-92.35406604567997,1000
117,Akron,Ohio,197633,3535,41.084560880160105,-81.53228759765625,1000
118,Columbus,Georgia,197485,730,32.501455950987435,-84.88861083984375,724
119,Augusta-Richmond County,Georgia,197081,953,33.47837505434787,-82.04521179199219,952
120,Grand Rapids,Michigan,196445,1929,42.953222538797846,-85.63568115234375,1000
121,Shreveport,Louisiana,194920,828,32.47841612859659,-93.768310546875,827
122,Salt Lake City,Utah,193744,3893,40.7168954310006,-111.88751220703125,1000
123,Huntsville,Alabama,193079,930,34.720616,-86.60985012705078,929
124,Mobile,Alabama,192904,1227,30.670828322164393,-88.14605712890625,1000
125,Tallahassee,Florida,190894,872,30.46434083218014,-84.276123046875,870
126,Grand Prairie,Texas,190682,15187,32.74451308112691,-96.99244018113436,1000
127,Overland Park,Kansas,188966,4385,38.9281161433683,-94.65238088741896,1000
128,Knoxville,Tennessee,186239,1907,35.94893044195973,-83.99273761224765,1000
129,Port St. Lucie,Florida,185132,1603,27.291759936279252,-80.33080598183594,1000
130,Worcester,Massachusetts,184508,1319,42.2665927997584,-71.80252075195312,1000
131,Brownsville,Texas,183823,412,25.94135876361195,-97.4844407175293,411
132,Tempe,Arizona,182498,6198,33.39289033950106,-111.93351745605469,1000
133,Santa Clarita,California,181972,2057,34.42046171312923,-118.51632787888525,1000
134,Newport News,Virginia,181825,3783,37.10346864142597,-76.44349898116667,1000
135,Cape Coral,Florida,179804,1599,26.611820778031337,-81.953387725,1000
136,Providence,Rhode Island,179219,1929,41.827134558437436,-71.41490936279297,1000
137,Fort Lauderdale,Florida,178752,5671,26.14122480985771,-80.145263671875,1000
138,Chattanooga,Tennessee,177571,1647,35.044439760050516,-85.24179763076397,1000
139,Rancho Cucamonga,California,176534,4223,34.12085714991372,-117.56000819155099,1000
140,Oceanside,California,175464,2354,33.20303085967621,-117.30524179137791,1000
141,Santa Rosa,California,175155,1886,38.4550016,-122.71728515625,1000
142,Garden Grove,California,174858,13758,33.7751093432679,-117.95883178710938,1000
143,Vancouver,Washington,174826,8944,45.638822370823235,-122.62527465820312,1000
144,Sioux Falls,South Dakota,174360,459,43.5330720036798,-96.73599243164062,459
145,Ontario,California,173212,15712,34.11049560406434,-117.60744199999999,1000
146,McKinney,Texas,172298,7500,33.21439362737286,-96.65908813476562,1000
147,Elk Grove,California,169743,2030,38.41120305,-121.38862609863281,1000
148,Jackson,Mississippi,169148,942,32.33061616652725,-90.17023825,940
149,Pembroke Pines,Florida,168587,14109,26.012215014907657,-80.31852399414063,998
150,Salem,Oregon,167419,912,44.93695955846795,-123.01803588867188,898
151,Springfield,Missouri,167319,962,37.18434586416096,-93.28010559082031,957
152,Corona,California,166785,2957,33.881014859908056,-117.56401062011719,1000
153,Eugene,Oregon,166575,1213,44.05793925994315,-123.10317993164062,1000
154,Fort Collins,Colorado,164207,974,40.55028500164319,-105.05618798979492,966
155,Peoria,Arizona,164173,9088,33.656753102154305,-112.18482476174644,999
156,Frisco,Texas,163656,4020,33.132333938215226,-96.81907653808594,1000
157,Cary,North Carolina,162320,2655,35.785785766448676,-78.78100875076231,999
158,Lancaster,California,160106,856,34.682867649701286,-118.1462792318525,846
159,Hayward,California,158937,6240,37.65062022103503,-122.08900451660156,1000
160,Palmdale,California,157356,884,34.59191108695781,-118.12790840410156,874
161,Salinas,California,157218,792,36.706498296604536,-121.63787841796875,787
162,Alexandria,Virginia,155810,8728,38.816433168728125,-77.09999084472656,1000
163,Lakewood,Colorado,154393,5589,39.70661290536874,-105.083253575,999
164,Springfield,Massachusetts,154074,1266,42.112949808266684,-72.54615783691406,1000
165,Pasadena,Texas,153351,3912,29.670115954061988,-95.17318725585938,1000
166,Sunnyvale,California,152771,2974,37.373965811146164,-122.02225200729981,1000
167,Macon-Bibb County,Georgia,152555,458,32.85666103472517,-83.67277521640065,458
168,Pomona,California,152494,5925,34.071388141243204,-117.75283813476562,1000
169,Hollywood,Florida,151998,6443,26.019729291096752,-80.1837158203125,1000
170,Kansas City,Kansas,151709,4699,39.09471589907227,-94.68113076459298,1000
171,Escondido,California,151613,2483,33.13348393755737,-117.0703125,1000
172,Clarksville,Tennessee,150287,509,36.56862220122588,-87.34405517578125,509
173,Joliet,Illinois,148262,1060,41.55204616548913,-88.09648505705393,1000
174,Rockford,Illinois,147651,629,42.269133414960336,-89.04144287109375,626
175,Torrance,California,147195,10475,33.834751973334434,-118.32250981900063,1000
176,Naperville,Illinois,147122,3033,41.760388164493804,-88.15910619725577,1000
177,Paterson,New Jersey,147000,2466,40.91551089740379,-74.15729903362225,1000
178,Savannah,Georgia,146763,1091,32.04878325673531,-81.10862731933594,1000
179,Bridgeport,Connecticut,145936,831,41.18949462991557,-73.19847106933594,819
180,Mesquite,Texas,143736,4732,32.82689631806553,-96.61788940429688,1000
181,Killeen,Texas,143400,603,31.081712599905106,-97.72392448585589,602
182,Syracuse,New York,143378,1189,43.06264200600176,-76.13594055175781,999
183,McAllen,Texas,142212,988,26.218334546496997,-98.23208232050783,988
184,Pasadena,California,142059,14890,34.153820421654174,-118.12362670898438,1000
185,Bellevue,Washington,141400,6654,47.610689191307856,-122.1734619140625,1000
186,Fullerton,California,140721,12545,33.87778397079644,-117.92243957519531,1000
187,Orange,California,140504,4336,33.80579364965445,-117.83061350708007,1000
188,Dayton,Ohio,140489,2415,39.732355955275715,-84.1458938359375,1000
189,Miramar,Florida,138449,13708,25.97641860328369,-80.32205474412537,998
190,Thornton,Colorado,136703,4342,39.894941614213806,-104.96475219726562,1000
191,West Valley City,Utah,136574,3013,40.682675112957114,-111.96538124106655,1000
192,Olathe,Kansas,135473,1756,38.92357936158873,-94.75530429087678,1000
193,Hampton,Virginia,135410,1459,37.038143274220516,-76.36891515151783,1000
194,Warren,Michigan,135125,4323,42.49281278899359,-83.02780151367188,1000
195,Midland,Texas,134610,420,32.001629302989855,-102.12615966796875,420
196,Waco,Texas,134432,551,31.562177314382943,-97.15827941894531,551
197,Charleston,South Carolina,134385,1848,32.78896412571941,-79.9643202859375,1000
198,Columbia,South Carolina,134309,1748,34.03541889584294,-81.01455688476562,1000
199,Denton,Texas,133808,519,33.20995688420143,-97.11827645,519
200,Carrollton,Texas,133351,2101,32.972669013947225,-96.88591550000001,1000
201,Surprise,Arizona,132677,1869,33.63515982845266,-112.32225610585937,1000
202,Roseville,California,132671,1363,38.755946110469395,-121.27326965332031,999
203,Sterling Heights,Michigan,132427,3959,42.58084796631722,-83.03123474121094,999
204,Murfreesboro,Tennessee,131947,696,35.876004589419196,-86.40403747558594,693
205,Gainesville,Florida,131591,716,29.655796089395878,-82.36312866210938,715
206,Cedar Rapids,Iowa,131127,560,41.98348822489725,-91.66648864746094,557
207,Visalia,California,131074,677,36.31023429376604,-119.30809020996094,676
208,Coral Springs,Florida,130059,1288,26.26970266866418,-80.23273321469044,1000
209,New Haven,Connecticut,129934,1213,41.31132816928134,-72.9269027709961,1000
210,Stamford,Connecticut,129113,868,41.06821048281156,-73.53836059570312,854
211,Thousand Oaks,California,128888,7259,34.230490425,-118.88603455683594,1000
212,Concord,California,128726,2429,37.97068108886239,-122.02651977539062,999
213,Elizabeth,New Jersey,128640,2866,40.66005494025502,-74.205734425,1000
214,Lafayette,Louisiana,127626,753,30.207710949839402,-92.03933715820312,749
215,Kent,Washington,127514,2574,47.40225955770782,-122.2060599697955,1000
216,Topeka,Kansas,126808,395,39.04675798422586,-95.70808410644531,394
217,Simi Valley,California,126327,3696,34.285568299999994,-118.72734113221125,1000
218,Santa Clara,California,125948,4319,37.36059569170822,-121.965605964469,1000
219,Athens-Clarke County,Georgia,123371,521,33.95059391472945,-83.39241027832031,519
220,Hartford,Connecticut,123243,1182,41.75977674302498,-72.68281941010403,1000
221,Victorville,California,122265,624,34.512283286672,-117.32238954824219,619
222,Abilene,Texas,122225,394,32.43151436970328,-99.75173950195312,393
223,Norman,Oklahoma,122180,823,35.26754616027585,-97.42744445800781,823
224,Vallejo,California,121299,766,38.11528589605756,-122.22337733657227,750
225,Berkeley,California,121240,3835,37.868608844326545,-122.27508544921875,1000
226,Round Rock,Texas,120892,2719,30.52082379326421,-97.66227722167969,1000
227,Ann Arbor,Michigan,120782,1085,42.2767546461982,-83.73605119999999,1000
228,Fargo,North Dakota,120762,532,46.85437177647295,-96.8280029296875,529
229,Columbia,Missouri,120612,422,38.95082014137819,-92.3280329,422
230,Allentown,Pennsylvania,120443,1549,40.598267627010095,-75.49077311445475,1000
231,Evansville,Indiana,119477,551,37.98280345262458,-87.53444305,550
232,Beaumont,Texas,118299,894,30.090323583914603,-94.0812852297984,890
233,Odessa,Texas,117871,311,31.874048690495584,-102.3649247632525,311
234,Wilmington,North Carolina,117525,882,34.227656890291996,-77.88276372783203,878
235,Arvada,Colorado,117453,5412,39.81376503731833,-105.08435800000001,999
236,Independence,Missouri,117030,4210,39.089334928705995,-94.34921264648438,1000
237,Provo,Utah,116868,578,40.248490987601855,-111.66126251220703,576
238,Lansing,Michigan,116020,936,42.72830621179706,-84.57340341423179,929
239,El Monte,California,115807,13737,34.11460404456169,-118.06320190429688,1000
240,Springfield,Illinois,115715,513,39.783167155947986,-89.66079711914062,511
241,Fairfield,California,114756,5138,38.25525633385972,-122.05810546875,1000
242,Clearwater,Florida,114361,1388,27.972687870416877,-82.7502788162695,1000
243,Peoria,Illinois,114265,635,40.7321811,-89.61181015,629
244,Rochester,Minnesota,114011,342,44.01696887533399,-92.47879028320312,342
245,Carlsbad,California,113952,2850,33.13060891095397,-117.277162646875,1000
246,Westminster,Colorado,113875,4849,39.87559481675263,-105.04714965820312,1000
247,West Jordan,Utah,113699,2595,40.631714725,-111.95403370498047,999
248,Pearland,Texas,113570,3880,29.57996533591435,-95.31600952148438,1000
249,Richardson,Texas,113347,2230,32.96372809581908,-96.70578164663087,1000
250,Downey,California,113267,5023,33.93765269396792,-118.1308364868164,1000
251,Miami Gardens,Florida,113058,8613,25.951499666183665,-80.2427115425467,999
252,Temecula,California,113054,1366,33.49899074776907,-117.12249755859375,1000
253,Costa Mesa,California,112822,4489,33.67141716313333,-117.90820995345695,1000
254,College Station,Texas,112141,762,30.614388825,-96.32022857666016,761
255,Elgin,Illinois,112123,1745,42.03955810909028,-88.26597780607307,1000
256,Murrieta,California,111674,1532,33.580091040976725,-117.19184875488281,1000
257,Gresham,Oregon,111523,566,45.50582112666225,-122.42820739746094,563
258,High Point,North Carolina,111223,1428,35.99502405311323,-79.97660910632183,999
259,Antioch,California,110898,1131,37.99395328804799,-121.80061340332031,1000
260,Inglewood,California,110654,5617,33.954009726756276,-118.34850311279297,1000
261,Cambridge,Massachusetts,110651,5779,42.373169721210346,-71.11106872558594,1000
262,Lowell,Massachusetts,110558,629,42.639503726167476,-71.31865901655274,625
263,Manchester,New Hampshire,110506,559,42.978051747139304,-71.44983843266601,558
264,Billings,Montana,110323,376,45.7794500123501,-108.53576490336914,375
265,Pueblo,Colorado,110291,389,38.27035217485165,-104.5733642578125,388
266,Palm Bay,Florida,110104,764,28.037017206146825,-80.62248229980469,758
267,Centennial,Colorado,109932,8644,39.605307782175025,-104.85626220703125,1000
268,Richmond,California,109813,9568,37.93927899070165,-122.34100341796875,1000
269,San Buenaventura (Ventura),California,109592,1621,34.27103301357623,-119.21308818764305,1000
270,Pompano Beach,Florida,109393,4738,26.249046374814732,-80.13633728027344,1000
271,North Charleston,South Carolina,109298,2424,32.90824628397744,-80.036143243248,1000
272,Everett,Washington,109043,1430,47.96006800592173,-122.22908020019531,1000
273,Waterbury,Connecticut,108272,529,41.55857700025648,-73.02673366064462,525
274,West Palm Beach,Florida,108161,2279,26.719816572851165,-80.09445190429688,1000
275,Boulder,Colorado,108090,1624,40.03177502003891,-105.20822370627438,1000
276,West Covina,California,107847,8931,34.046927267127806,-117.916259765625,1000
277,Broken Arrow,Oklahoma,107403,1602,36.06306079131424,-95.77262878417969,1000
278,Clovis,California,106583,1338,36.8221916789537,-119.70050811767578,1000
279,Daly City,California,106472,4023,37.69099573037227,-122.45297976343677,1000
280,Lakeland,Florida,106420,811,28.04253735,-81.94496154785156,810
281,Santa Maria,California,106290,473,34.94691459829194,-120.43526004502638,473
282,Norwalk,California,106178,4521,33.90650045177428,-118.08277130126953,1000
283,Sandy Springs,Georgia,105703,6683,33.933632737203325,-84.36882019042969,1000
284,Hillsboro,Oregon,105164,1934,45.52240953616479,-122.92686107702175,1000
285,Green Bay,Wisconsin,105139,595,44.530240801189436,-88.01300285009765,592
286,Tyler,Texas,104798,489,32.31725963717349,-95.31519285,489
287,Wichita Falls,Texas,104724,294,33.911411590947836,-98.52264404296875,294
288,Lewisville,Texas,104659,4717,33.03625586921024,-96.96365501191406,1000
289,Burbank,California,104447,4942,34.17657848704668,-118.32789640215375,1000
290,Greeley,Colorado,103990,1784,40.427950116548445,-104.73403930664062,1000
291,San Mateo,California,103959,2089,37.55553553092234,-122.31429630746153,1000
292,El Cajon,California,103768,5400,32.80454830101628,-116.95426940917969,1000
293,Jurupa Valley,California,103541,4923,34.0035798204547,-117.44672551904297,1000
294,Rialto,California,103314,1444,34.12899803466053,-117.37552642822266,1000
295,Davenport,Iowa,102612,763,41.55325119758789,-90.564168275,757
296,League City,Texas,102010,2257,29.520255450116075,-95.12718200683594,1000
297,Davie,Florida,101871,6213,26.075250502790382,-80.243518575,1000
298,Las Cruces,New Mexico,101759,443,32.41535602501028,-106.772506353827,442
299,South Bend,Indiana,101735,1263,41.698468525,-86.27722897392883,1000
300,Vista,California,101659,3042,33.18291965337924,-117.2266142739535,1000
301,Renton,Washington,100953,5388,47.492760075,-122.19955444335938,1000
302,San Angelo,Texas,100702,267,31.421590775505365,-100.45486450195312,267
303,Roanoke,Virginia,99660,652,37.27291539465489,-79.95918273925781,649
304,Kenosha,Wisconsin,99631,632,42.588431394765664,-87.86041259765625,630
305,Tuscaloosa,Alabama,99543,410,33.226009439623446,-87.54592895507812,410
306,Allen,Texas,99179,1042,33.106774323288086,-96.67605254765624,1000
307,Erie,Pennsylvania,98593,472,42.09664787667593,-80.08796308520962,468
308,Sparks,Nevada,98345,1172,39.55487169641474,-119.73106384277344,1000
309,Vacaville,California,98303,432,38.35941501974353,-121.9719281222168,428
310,Albany,New York,98111,1897,42.70200746894307,-73.79310607910156,1000
311,Beaverton,Oregon,97590,6024,45.49410724571672,-122.77981911694901,1000
312,Compton,California,97550,4617,33.894374348179596,-118.2213339440095,1000
313,Orem,Utah,97499,658,40.30027751637208,-111.69490814208984,656
314,Flint,Michigan,97386,693,43.00309450585953,-83.69774327500001,687
315,Federal Way,Washington,96757,739,47.316303482868534,-122.32783550634765,737
316,Mission Viejo,California,96396,4145,33.600851736683296,-117.66288757324219,1000
317,Spokane Valley,Washington,96340,1249,47.682566445993736,-117.24884033203125,1000
318,Boca Raton,Florida,96114,1540,26.366024222923453,-80.1359161734581,1000
319,Lee's Summit,Missouri,96076,231,38.91707245,-94.38251495361328,231
320,Rio Rancho,New Mexico,96028,406,35.24496035,-106.645427121872,405
321,Sandy,Utah,95836,2304,40.57796382270317,-111.851806640625,999
322,Brockton,Massachusetts,95630,631,42.091023697682,-71.02706965396294,621
323,Meridian,Idaho,95623,574,43.61853962086235,-116.35696066386726,574
324,South Gate,California,95538,5187,33.94595440574197,-118.18998468415785,1000
325,Lawrence,Kansas,95358,380,38.97324433980813,-95.25489807128906,379
326,San Marcos,California,95261,3249,33.141533511091374,-117.17330932617188,1000
327,Portsmouth,Virginia,95252,2098,36.82962829806993,-76.3346664940918,1000
328,New Bedford,Massachusetts,95032,629,41.65850327829986,-70.93116760253906,625
329,Yuma,Arizona,94906,436,32.67620449072007,-114.576416015625,436
330,Lawton,Oklahoma,94653,263,34.62160522686939,-98.41896057128906,263
331,Roswell,Georgia,94598,4401,34.03839274338864,-84.35165405273438,1000
332,Dearborn,Michigan,94444,4209,42.331749650000006,-83.21258541023792,1000
333,Livonia,Michigan,94041,3618,42.39861992276908,-83.3538184,999
334,Yakima,Washington,93986,447,46.600649399999995,-120.55572509765625,447
335,Sunrise,Florida,93734,5848,26.1492028,-80.248598896734,1000
336,Hesperia,California,93724,813,34.436343684241464,-117.32231140136719,795
337,Quincy,Massachusetts,93688,7522,42.28892826578664,-71.00217568183594,1000
338,Longmont,Colorado,92858,1090,40.16990854847555,-105.11093097407876,1000
339,Carson,California,92797,4617,33.841178496442545,-118.2619857788086,1000
340,Plantation,Florida,92706,6093,26.124439110949027,-80.24094633246429,1000
341,Lynn,Massachusetts,92697,1329,42.467330450000006,-70.95537701147461,1000
342,Santa Monica,California,92478,4705,34.022776084270944,-118.47570322499999,1000
343,Santa Barbara,California,91930,1058,34.42612573405361,-119.69420401536675,1000
344,Miami Beach,Florida,91917,6710,25.80974569074047,-80.1397705078125,1000
345,Redding,California,91808,532,40.57414340682607,-122.36297607421875,531
346,Chico,California,91567,554,39.756250875244476,-121.76983619626996,553
347,Westminster,California,91565,4791,33.755992776037445,-117.9802688394345,1000
348,Greenville,North Carolina,91495,329,35.59865019113383,-77.37602233886719,329
349,Nampa,Idaho,91382,577,43.597310825,-116.52743674999999,577
350,Edmond,Oklahoma,91191,1190,35.668409854707356,-97.46377999853516,999
351,Bend,Oregon,91122,537,44.06653755702346,-121.30897521972656,535
352,Carmel,Indiana,91065,2011,39.96549764526851,-86.17161328087661,1000
353,San Leandro,California,90465,2451,37.704999037090715,-122.1573257446289,1000
354,Fishers,Indiana,90127,1732,39.95655053512598,-86.00166320800781,1000
355,Deltona,Florida,90124,804,28.9195198252051,-81.22261047363281,800
356,Concord,North Carolina,89891,4635,35.39447273123982,-80.60531616210938,1000
357,Tracy,California,89274,339,37.73912620776025,-121.4370346069336,339
358,Suffolk,Virginia,89273,3309,36.882340110091405,-76.44208708032461,1000
359,Asheville,North Carolina,89121,1031,35.58301568189856,-82.55607604980469,1000
360,Livermore,California,89115,1533,37.68649253266872,-121.761474609375,1000
361,Newton,Massachusetts,89045,2528,42.3380411498227,-71.18070351386719,1000
362,Fall River,Massachusetts,88930,1111,41.7010498164759,-71.095147525,1000
363,Menifee,California,88531,350,33.693701274109486,-117.19081211715348,347
364,Indio,California,88488,951,33.721441389406785,-116.27254887744141,944
365,Norwalk,Connecticut,88438,786,41.11599777223015,-73.41819763183594,774
366,Waukegan,Illinois,88182,1127,42.368644843909024,-87.86453247070312,1000
367,Sugar Land,Texas,88177,4654,29.63661690057618,-95.61878387771912,1000
368,Fort Smith,Arkansas,88133,408,35.351792902266354,-94.3560791015625,407
369,Hawthorne,California,88031,4910,33.912583425901715,-118.35227966308594,1000
370,Nashua,New Hampshire,87882,1291,42.75049563259547,-71.47531455422012,1000
371,Chino,California,87776,6216,33.99684580319425,-117.69584655761719,1000
372,Kirkland,Washington,87701,6948,47.69030639774654,-122.20668285152993,1000
373,Edinburg,Texas,87650,595,26.30344555386155,-98.17926777104515,593
374,Reading,Pennsylvania,87575,547,40.34160261275913,-75.9292248413119,546
375,Bellingham,Washington,87574,610,48.76975519290855,-122.47695922851562,608
376,Citrus Heights,California,87432,1523,38.69193002953198,-121.28803253173828,999
377,Whittier,California,86883,3152,33.965803698632726,-118.02430882724825,1000
378,Ogden,Utah,86701,805,41.22560048967732,-111.95365521609997,801
379,Newport Beach,California,86688,8063,33.63473828581167,-117.89085928912762,1000
380,Champaign,Illinois,86637,566,40.102715093492705,-88.24905395507812,565
381,Duluth,Minnesota,86293,452,46.760199762684465,-92.113303159375,450
382,O'Fallon,Missouri,86274,903,38.81077568899005,-90.69148753085793,897
383,Clifton,New Jersey,85845,2965,40.854437733218305,-74.15169895,1000
384,Alhambra,California,85474,5633,34.08663468546865,-118.1363296508789,1000
385,Bloomington,Minnesota,85319,3643,44.852221122571095,-93.30523919725702,1000
386,Palm Coast,Florida,85109,264,29.534622775452195,-81.21917724609375,264
387,Danbury,Connecticut,84992,896,41.39994449723167,-73.47652732949219,885
388,Hoover,Alabama,84978,1656,33.380780948913795,-86.8135776234075,1000
389,Redwood City,California,84950,4961,37.51003264864946,-122.23114013671875,1000
390,Bloomington,Indiana,84465,403,39.1636135,-86.52609400629882,401
391,Hemet,California,84281,556,33.74485388214328,-116.971435546875,551
392,Mount Pleasant,South Carolina,84170,1356,32.85074658039298,-79.81361389160156,999
393,Trenton,New Jersey,84056,959,40.21290019623312,-74.76695989765625,954
394,Santa Fe,New Mexico,83875,529,35.6491771347323,-105.9858203015625,527
395,Johns Creek,Georgia,83873,4309,34.037823744602974,-84.20445702553937,1000
396,Fayetteville,Arkansas,83826,652,36.093210474008174,-94.15969848632812,651
397,Troy,Michigan,83641,3931,42.57933116993277,-83.14659118652344,1000
398,Mission,Texas,83563,658,26.234740663732012,-98.29021950465106,659
399,Bryan,Texas,83260,788,30.68335178117468,-96.37489423671875,787
400,Lake Forest,California,83240,1865,33.641104629388536,-117.6913833618164,1000
401,Buena Park,California,83156,4721,33.85613544057438,-117.99934063954237,1000
402,Largo,Florida,83065,3362,27.909447228162655,-82.75225428496094,1000
403,Cicero,Illinois,82992,713,41.873640548872444,-87.77384659968263,704
404,Avondale,Arizona,82881,813,33.475601113810434,-112.1633148,807
405,Sioux City,Iowa,82872,271,42.49230648103096,-96.40777587890625,271
406,Merced,California,82594,251,37.30900291688582,-120.48119529132174,251
407,St. George,Utah,82318,303,37.0844869185843,-113.55513315244141,303
408,Conroe,Texas,82286,976,30.30113938528595,-95.49232444931641,970
409,Pleasanton,California,82270,882,37.67402713070163,-121.89056396484375,868
410,Longview,Texas,82055,404,32.49987542887233,-94.74334716796875,404
411,Medford,Oregon,81636,690,42.34022906546936,-122.84156799316406,687
412,Warwick,Rhode Island,81579,2638,41.726306281983724,-71.40967007500001,1000
413,Westland,Michigan,81545,983,42.328401125,-83.39356461089406,971
414,Somerville,Massachusetts,81322,5706,42.389729248254866,-71.1047751265869,1000
415,Melbourne,Florida,81185,1497,28.13676653013617,-80.65475463867188,1000
416,Lakewood,California,81138,4819,33.848167195988296,-118.11905911103516,1000
417,Farmington Hills,Michigan,81129,2913,42.48420499621143,-83.35516347110911,999
418,Cranston,Rhode Island,81034,2893,41.76987263331308,-71.43710576950528,1000
419,Kennewick,Washington,80454,680,46.230097931712024,-119.18243408203125,678
420,Mountain View,California,80447,7410,37.402417709364755,-122.08005727216499,1000
421,Napa,California,80416,1377,38.30551908482599,-122.31148917499999,1000
422,Tustin,California,80395,3622,33.73118184799524,-117.80158996582031,1000
423,Lynchburg,Virginia,80212,448,37.39575595685303,-79.17778015136719,447
424,Lawrence,Massachusetts,80209,337,42.7075571,-71.14877597417643,336
425,Deerfield Beach,Florida,79764,1780,26.30535405905244,-80.12157440185547,1000
426,Brooklyn Park,Minnesota,79707,563,45.09194286974415,-93.344223725,560
427,New Rochelle,New York,79557,660,40.9207387710994,-73.7834505,643
428,Parma,Ohio,79425,916,41.3874808,-81.7313666,906
429,Alameda,California,78906,3527,37.780263203028845,-122.24356326466183,1000
430,Chino Hills,California,78822,7260,33.99001422338986,-117.72331237792969,1000
431,Springdale,Arkansas,78557,919,36.18901125,-94.163818359375,916
432,Bloomington,Illinois,78005,391,40.47720195195049,-88.97964477539062,391
433,Bellflower,California,77790,1955,33.89920805,-118.12482470284425,1000
434,Racine,Wisconsin,77571,494,42.72981937910009,-87.83525527949219,489
435,Milpitas,California,77528,2439,37.439953463224896,-121.90017700195312,1000
436,Auburn,Washington,77472,2006,47.317595333046874,-122.219821254723,1000
437,Pharr,Texas,77320,1389,26.156524109008686,-98.1768412216434,999
438,Scranton,Pennsylvania,77291,875,41.405094896809686,-75.66490173339844,864
439,Folsom,California,77271,719,38.673437732067406,-121.15619659423828,717
440,Goodyear,Arizona,77258,523,33.463104688137946,-112.29715588808594,519
441,Plymouth,Minnesota,77216,2832,45.007003273726085,-93.418788375,1000
442,Fort Myers,Florida,77146,1573,26.612048019236532,-81.83783357900617,1000
443,Hammond,Indiana,77134,2220,41.610652875,-87.48550415039062,999
444,Manteca,California,76908,375,37.804567325,-121.2176513671875,374
445,Loveland,Colorado,76897,700,40.40822213213143,-105.03191574111341,697
446,Lake Charles,Louisiana,76848,412,30.20883107036776,-93.22311401367188,410
447,Upland,California,76684,2007,34.117762896056036,-117.66357421875,1000
448,St. Joseph,Missouri,76472,190,39.766807533712566,-94.81887817382812,190
449,Baldwin Park,California,76464,9725,34.08390027687285,-117.96363830566406,1000
450,Gary,Indiana,76424,6300,41.6121130104356,-87.3248291015625,999
451,Perris,California,76331,1555,33.80701842284235,-117.24078425041276,1000
452,Baytown,Texas,75992,777,29.7673177303542,-94.96719360351562,777
453,Kalamazoo,Michigan,75984,690,42.2867958626579,-85.60340881347656,685
454,Layton,Utah,75655,378,41.08166881537784,-111.98439651912174,378
455,San Ramon,California,75639,1000,37.7634294542857,-121.96197509765625,986
456,Boynton Beach,Florida,75569,2873,26.528299548273615,-80.10612487792969,1000
457,Wyoming,Michigan,75567,1507,42.911816800000004,-85.681879975,1000
458,Gastonia,North Carolina,75536,4124,35.256176659325845,-81.15491225,1000
459,Arlington Heights,Illinois,75525,4500,42.08798577063071,-87.9615356378636,1000
460,Union City,California,75322,5009,37.5895780433906,-122.05612185299378,1000
461,Bethlehem,Pennsylvania,75293,1714,40.61651619236784,-75.36552429199219,1000
462,Evanston,Illinois,74895,1931,42.047751464985495,-87.69596099853516,1000
463,Jonesboro,Arkansas,74889,337,35.82654553485373,-90.66879272460938,338
464,Franklin,Tennessee,74794,1161,35.936942532492196,-86.80963368134766,1000
465,Missouri City,Texas,74561,11516,29.60460346817728,-95.530843275,1000
466,Bolingbrook,Illinois,74518,2599,41.707364587042996,-88.0804819126874,1000
467,Schaumburg,Illinois,74446,3675,42.03598829398322,-88.0805656076235,1000
468,Camden,New Jersey,74420,4776,39.93732692888958,-75.11559254260516,1000
469,Iowa City,Iowa,74398,394,41.6583182125283,-91.52286268572234,394
470,Warner Robins,Georgia,74388,395,32.59266350924982,-83.66226196289062,394
471,Appleton,Wisconsin,74370,593,44.267283432886074,-88.42071533203125,584
472,Rapid City,South Dakota,74048,281,44.080542383185254,-103.22479248046875,281
473,New Braunfels,Texas,73959,1041,29.7210586,-98.11834993004453,1000
474,Albany,Georgia,73801,248,31.577324181536863,-84.17449951171875,247
475,Temple,Texas,73600,930,31.1230149067488,-97.371826171875,926
476,Flower Mound,Texas,73547,3467,33.029348014868305,-97.0806239851052,1000
477,Rochester Hills,Michigan,73422,2614,42.66017547993065,-83.15173005029297,999
478,Southfield,Michigan,73100,4113,42.480153860335626,-83.25485513763635,999
479,Rock Hill,South Carolina,72937,938,34.98551196233051,-80.9991481,935
480,Turlock,California,72796,330,37.50481236996105,-120.85613250732422,330
481,Decatur,Illinois,72706,196,39.85910924862655,-88.9398193359375,196
482,New Britain,Connecticut,72558,746,41.68804110378791,-72.78061832094724,741
483,Apple Valley,California,72553,756,34.49406404547892,-117.22206115722656,748
484,Bismarck,North Dakota,72417,233,46.807063399405244,-100.76454162597656,234
485,Missoula,Montana,72364,354,46.877514075742454,-114.01336669921875,354
486,Waukesha,Wisconsin,72363,1065,43.0040988076648,-88.23577770646233,1000
487,Rancho Cordova,California,72326,1086,38.595561083741806,-121.27467656623782,1000
488,Gulfport,Mississippi,72076,615,30.428505018368067,-89.06890869140625,614
489,Lafayette,Indiana,71782,459,40.39985613224728,-86.87576293945312,459
490,Lauderhill,Florida,71626,669,26.17217689515923,-80.23501843214036,657
491,Flagstaff,Arizona,71459,393,35.190039911073924,-111.63894653320312,392
492,Wilmington,Delaware,71442,2026,39.770683675,-75.56465148925781,1000
493,Pawtucket,Rhode Island,71427,1605,41.87243615,-71.38071637499999,1000
494,Canton,Ohio,71323,764,40.8317058875658,-81.37334025760802,759
495,Redlands,California,71288,2723,34.04977191751124,-117.18292236328125,1000
496,Lynwood,California,71187,1704,33.944622624999994,-118.200755701086,1000
497,Pittsburg,California,70679,1996,38.039934754499505,-121.87122682695312,999
498,Passaic,New Jersey,70635,1171,40.8602606772461,-74.08055324414062,1000
499,Pasco,Washington,70579,719,46.24426608994971,-119.14535522460938,718
500,Frederick,Maryland,70060,657,39.430844195524486,-77.4027255,655
501,Weston,Florida,70015,839,26.092965328862903,-80.3213624788086,826
502,North Richland Hills,Texas,69798,1294,32.85220968566392,-97.21924553088823,1000
503,Maple Grove,Minnesota,69576,408,45.09871870230876,-93.39157315600586,408
504,Kissimmee,Florida,69369,2787,28.33592816407181,-81.36886596679688,1000
505,Union City,New Jersey,69296,7379,40.76831886602089,-74.02042076316225,1000
506,St. Charles,Missouri,69293,1910,38.79204656650532,-90.51272652523599,1000
507,Walnut Creek,California,69122,3614,37.90082021892063,-122.04643249511719,999
508,South Jordan,Utah,69034,2063,40.56851525768603,-111.94560082808457,1000
509,Muncie,Indiana,69010,210,40.200892387495905,-85.42155466503905,210
510,Cedar Park,Texas,68918,887,30.50281153896348,-97.81883239746094,877
511,Woodbury,Minnesota,68820,316,44.93798525,-92.93746948242188,315
512,Palatine,Illinois,68766,1158,42.1206523,-88.03694962210878,1000
513,Bossier City,Louisiana,68485,837,32.52535270646252,-93.70791716427215,835
514,Dothan,Alabama,68468,393,31.25037989642629,-85.40634155273438,392
515,Mount Vernon,New York,68344,966,40.90130829005001,-73.83379858478605,938
516,Eau Claire,Wisconsin,68339,304,44.841160807348274,-91.49727985,304
517,Yorba Linda,California,68235,8728,33.88804465027151,-117.78599750097656,1000
518,Davis,California,68111,343,38.55003367062035,-121.74053192138672,342
519,Homestead,Florida,67996,1043,25.59623481761527,-80.40537915205078,1000
520,Waterloo,Iowa,67934,251,42.47714991746853,-92.34814351666563,251
521,Redondo Beach,California,67867,3558,33.85472505240305,-118.36005437998047,1000
522,Jacksonville,North Carolina,67784,335,34.7692121408959,-77.40829467773438,335
523,Gaithersburg,Maryland,67776,1221,39.13987639141929,-77.19735005855173,1000
524,Victoria,Texas,67670,201,28.820573641952816,-96.97975158691406,201
525,St. Cloud,Minnesota,67641,278,45.54570491154473,-94.17902710576172,278
526,Marysville,Washington,67626,703,48.09271114218147,-122.17140197753906,698
527,Greenville,South Carolina,67453,1511,34.84757760146957,-82.35763549804688,1000
528,Delray Beach,Florida,67371,1141,26.457962572368487,-80.11333334553507,1000
529,Camarillo,California,67363,1903,34.240377907845314,-119.0367938915215,1000
530,Georgetown,Texas,67140,1164,30.67258922115122,-97.71033035665846,1000
531,Kenner,Louisiana,67089,832,30.008288267700166,-90.22692457758788,821
532,Palo Alto,California,67024,2012,37.43505600945254,-122.14393615722656,1000
533,Jackson,Tennessee,67005,223,35.64944125444835,-88.82240295410156,223
534,South San Francisco,California,66980,22711,37.69304186597523,-122.34649658203125,1000
535,Rockville,Maryland,66940,4670,39.07832976461853,-77.11660243267212,1000
536,Portland,Maine,66937,838,43.66661831770135,-70.2608794170682,834
537,Yuba City,California,66845,342,39.12043620746645,-121.63101196289062,341
538,Johnson City,Tennessee,66677,450,36.356012895900406,-82.38381515,450
539,Daytona Beach,Florida,66645,936,29.20847512480754,-81.02573171591797,925
540,Oshkosh,Wisconsin,66579,219,44.02898526595418,-88.5552978515625,219
541,Broomfield,Colorado,66529,3201,39.91653737501673,-105.07804870605469,1000
542,Eagan,Minnesota,66428,3068,44.8459661286833,-93.17230224609375,1000
543,North Little Rock,Arkansas,66278,1078,34.79402653397026,-92.27515099865786,1000
544,Bayonne,New Jersey,66238,698,40.669884,-74.03283256721191,677
545,Ames,Iowa,66191,191,42.02791660450377,-93.63092246992956,191
546,Mansfield,Texas,65631,2292,32.595874259267845,-97.14042663574219,999
547,Harlingen,Texas,65539,239,26.187165686851124,-97.6931282,239
548,Alpharetta,Georgia,65338,3824,34.07003036414594,-84.2791706166404,1000
549,Laguna Niguel,California,65328,1663,33.541157475460125,-117.69893646240234,1000
550,San Clemente,California,65309,710,33.44779036737299,-117.61585235595703,694
551,Conway,Arkansas,65300,204,35.08900154055215,-92.4386215209961,204
552,Bowling Green,Kentucky,65234,393,36.9727574787684,-86.41983032226562,392
553,Tamarac,Florida,65199,5477,26.20469758925906,-80.21779335706941,1000
554,Shawnee,Kansas,65194,2823,39.0097791565523,-94.72753657130473,1000
555,Rogers,Arkansas,65021,723,36.32669897298331,-94.14321899414062,722
556,Schenectady,New York,64913,1433,42.80442313247336,-73.90494207500001,1000
557,East Orange,New Jersey,64789,1122,40.757583730819704,-74.10597405,1000
558,Lodi,California,64641,429,38.12455299223341,-121.28185272216797,429
559,Buckeye,Arizona,64629,2904,33.47394826078953,-112.437829184375,1000
560,West Des Moines,Iowa,64560,1368,41.598291152323,-93.73630096725773,1000
561,Santa Cruz,California,64465,864,36.99493327792447,-122.01985667836914,857
562,Madera,California,64444,2538,36.95959057269759,-120.00039997843001,1000
563,Youngstown,Ohio,64312,867,41.107163675,-80.65868341523438,863
564,North Port,Florida,64274,588,27.043157897033886,-82.20011465,588
565,Skokie,Illinois,64270,3191,42.04282841346186,-87.7450255916358,1000
566,Lake Elsinore,California,64205,1446,33.66579952808577,-117.32711791992188,1000
567,Janesville,Wisconsin,64159,246,42.69601651593795,-89.00642395019531,246
568,Cheyenne,Wyoming,64019,225,41.14087005185232,-104.7784059459961,225
569,Eden Prairie,Minnesota,63914,468,44.87112705,-93.42940983766266,467
570,Wellington,Florida,63900,610,26.656899969446798,-80.21288240498046,605
571,Jupiter,Florida,63813,535,26.900750603237576,-80.11527065278321,532
572,Sammamish,Washington,63773,2167,47.628373100000005,-122.01768223903301,1000
573,Lorain,Ohio,63730,554,41.44216572287799,-82.17293425423554,550
574,Pico Rivera,California,63635,4383,33.98616742504705,-118.09030076435548,1000
575,Montebello,California,63335,20114,34.0213211196035,-118.114013671875,1000
576,Encinitas,California,63131,4121,33.04488992556048,-117.2258607,1000
577,Auburn,Alabama,63118,311,32.602266146329754,-85.45189063554687,311
578,Waltham,Massachusetts,63002,1480,42.3786757291458,-71.20891403132325,1000
579,Blaine,Minnesota,62892,1234,45.201047156547276,-93.23792298608399,1000
580,Haverhill,Massachusetts,62873,464,42.76843034057856,-71.09916910058594,462
581,Rocklin,California,62787,2615,38.795257622821325,-121.2532397246235,1000
582,Tulare,California,62779,637,36.22080170866937,-119.29442780126953,635
583,Council Bluffs,Iowa,62524,1423,41.251437859975574,-95.86189270019531,999
584,Redmond,Washington,62458,3964,47.67042772693751,-122.12127685546875,1000
585,Coon Rapids,Minnesota,62359,1329,45.16553262617501,-93.29297965546874,1000
586,North Miami,Florida,62139,849,25.8941838,-80.1662879,833
587,Hamilton,Ohio,62127,1171,39.39848479704819,-84.54686081039749,1000
588,Rowlett,Texas,61999,743,32.92691769385888,-96.52806922604235,732
589,San Marcos,Texas,61980,339,29.86960004061698,-97.9434585571289,338
590,Lakeville,Minnesota,61938,658,44.69785357945925,-93.25778730934971,658
591,Springfield,Oregon,61893,1210,44.059913020794546,-122.98898055283203,1000
592,Grand Junction,Colorado,61881,414,39.08046186044061,-108.56071472167969,414
593,La Habra,California,61664,3419,33.92910718144901,-117.94914950708008,1000
594,Moore,Oklahoma,61415,453,35.33864297768905,-97.48389693579102,453
595,Burnsville,Minnesota,61290,495,44.760022450500024,-93.2766297543457,495
596,Taylor,Michigan,61177,2758,42.241132674353025,-83.2569667553711,1000
597,Eastvale,California,61151,5354,33.99867054724339,-117.5826859,1000
598,National City,California,61147,982,32.69648565,-117.09138773826604,964
599,Lehi,Utah,61130,330,40.42485208451505,-111.84769569570312,330
600,Port Orange,Florida,61105,454,29.121263925754103,-81.00201545551758,450
601,Monterey Park,California,61075,5761,34.063913,-118.1308364868164,1000
602,Marietta,Georgia,60941,4243,33.94559556882507,-84.5388217891458,1000
603,Terre Haute,Indiana,60852,255,39.46000782460262,-87.38384504550781,255
604,Malden,Massachusetts,60840,4135,42.42473443183573,-71.06496045,1000
605,Lakewood,Washington,60665,833,47.17781345,-122.4928991,828
606,Utica,New York,60652,352,43.09896587850953,-75.23506164550781,352
607,Cupertino,California,60643,2771,37.329047364810485,-122.02993452798975,1000
608,Brentwood,California,60532,576,37.93606339729598,-121.70757293701172,570
609,Petaluma,California,60530,503,38.243022604508184,-122.62626624550589,497
610,Vineland,New Jersey,60525,424,39.496073949999996,-75.0201416015625,421
611,Taylorsville,Utah,60436,1493,40.65930066166875,-111.9326327010254,1000
612,Idaho Falls,Idaho,60211,304,43.492736584656875,-112.03994750976562,303
613,Noblesville,Indiana,60183,1248,40.03703237363926,-86.01226056396484,1000
614,Bristol,Connecticut,60147,393,41.67629432873628,-72.912910079015,393
615,West Allis,Wisconsin,60087,1200,43.010185,-88.02333357500001,1000
616,Gardena,California,60048,5156,33.89076969998737,-118.30902099609375,1000
617,La Mesa,California,59948,2482,32.786932625134675,-117.01500267804346,1000
618,St. Clair Shores,Michigan,59775,2623,42.490556722539196,-82.92924331152344,1000
619,Pontiac,Michigan,59698,2546,42.6450251674861,-83.24377822875977,1000
620,Meriden,Connecticut,59622,461,41.5310197,-72.81360720751408,456
621,Dublin,California,59583,1058,37.708530099482225,-121.91390991210938,1000
622,Coconut Creek,Florida,59405,1995,26.28731920676586,-80.185423925,1000
623,Casper,Wyoming,59324,202,42.830475466098584,-106.32431030273438,202
624,Owensboro,Kentucky,59273,197,37.746784127445956,-87.11180203554687,197
625,Ocala,Florida,59253,557,29.17910336925692,-82.14372788300335,557
626,Chapel Hill,North Carolina,59246,1523,35.9327794725,-79.02092386289216,1000
627,Pflugerville,Texas,59245,1295,30.45199998498475,-97.6411690081725,1000
628,Lancaster,Pennsylvania,59218,670,40.04621297044032,-76.3009545851991,667
629,Novi,Michigan,59211,663,42.48597288095743,-83.46298085,661
630,Great Falls,Montana,59178,190,47.501848968566065,-111.29150390625,190
631,Springfield,Ohio,59087,303,39.93444089120712,-83.81332397460938,303
632,Woodland,California,59068,246,38.676922153454626,-121.77108764648438,245
633,Royal Oak,Michigan,59006,1654,42.50694790334358,-83.15751829999999,999
634,Porterville,California,58978,213,36.0828010210889,-119.02175903320312,213
635,San Rafael,California,58954,1804,37.98257273097594,-122.5085264066765,1000
636,Huntington Park,California,58879,1912,33.98305256737645,-118.21174287833426,1000
637,Orland Park,Illinois,58862,658,41.6813857,-87.8434316368164,653
638,Ankeny,Iowa,58627,252,41.716993891897154,-93.5976791381836,252
639,Bartlett,Tennessee,58622,2043,35.20911701102956,-89.8297119140625,1000
640,Sanford,Florida,58605,1894,28.761731,-81.24252319335938,999
641,Dubuque,Iowa,58531,239,42.50141939725263,-90.6976318359375,239
642,Arcadia,California,58523,3745,34.13595179956987,-118.0426025390625,1000
643,Bowie,Maryland,58393,2248,38.99114953890869,-76.74705505371094,1000
644,White Plains,New York,58241,4121,41.02648956188497,-73.75190734863281,1000
645,Des Plaines,Illinois,58141,6876,42.035478304026704,-87.88975750955251,1000
646,Doral,Florida,57947,2619,25.818117617456455,-80.34189604447748,1000
647,Margate,Florida,57870,2063,26.24006824450455,-80.19735874999999,1000
648,Santee,California,57834,1165,32.858986646458526,-116.99066162109375,1000
649,Kokomo,Indiana,57799,183,40.46675501429242,-86.12251281738281,182
650,Castle Rock,Colorado,57666,620,39.43878205,-104.86587524414062,619
651,Grand Forks,North Dakota,57339,181,47.90689556576321,-97.06249237060547,181
652,Midwest City,Oklahoma,57305,347,35.459246496381894,-97.3879623413086,345
653,St. Peters,Missouri,57289,1363,38.75375247580582,-90.6000790566442,1000
654,Medford,Massachusetts,57213,5329,42.413560298832834,-71.100497676986,1000
655,Corvallis,Oregon,57110,293,44.57115029280121,-123.26797485351562,293
656,Hendersonville,Tennessee,57050,409,36.31594401831339,-86.6265601306153,409
657,New Brunswick,New Jersey,56910,1313,40.48857296665525,-74.44091783286133,1000
658,Taunton,Massachusetts,56843,801,41.923662108722965,-71.10249289239644,792
659,Tinley Park,Illinois,56831,809,41.5732263,-87.78633898955079,802
660,Diamond Bar,California,56793,2016,34.00057820100071,-117.83039169311523,1000
661,Smyrna,Georgia,56664,1332,33.88449073173314,-84.50065612792969,1000
662,Sarasota,Florida,56610,1814,27.3535975,-82.53135681152344,1000
663,Greenwood,Indiana,56545,1515,39.62998490107333,-86.13075256347656,1000
664,Fountain Valley,California,56529,5146,33.70947920541195,-117.94330347521775,1000
665,Valdosta,Georgia,56474,298,30.864691756282244,-83.27362060546875,298
666,Oak Lawn,Illinois,56257,1506,41.717374231431975,-87.74800273268164,1000
667,Novato,California,56004,1344,38.092372469871066,-122.54146975107422,1000
668,Chicopee,Massachusetts,55991,607,42.15744040781129,-72.56629344999999,606
669,Weymouth Town,Massachusetts,55972,4031,42.228608720647756,-70.97573982978516,1000
670,Dearborn Heights,Michigan,55761,3480,42.32985621777827,-83.27741529785156,1000
671,Berwyn,Illinois,55748,2349,41.845175235976505,-87.78721540000001,1000
672,Bradenton,Florida,55687,1452,27.487525009002095,-82.57053078466797,1000
673,Hempstead,New York,55555,758,40.71059622562275,-73.623369433667,737
674,Hanford,California,55547,283,36.33827500567999,-119.6580987046875,283
675,Rocky Mount,North Carolina,55466,160,35.98595001898386,-77.822167878125,160
676,Port Arthur,Texas,55427,476,29.965795985969578,-93.95370483398438,475
677,Shoreline,Washington,55333,1190,47.75593299368758,-122.31512404174805,1000
678,Kettering,Ohio,55306,945,39.71825855,-84.13036038318134,939
679,Anderson,Indiana,55130,236,40.074347929460465,-85.6658935546875,235
680,Decatur,Alabama,55072,256,34.57721309703633,-86.967841475,256
681,Gilroy,California,55069,930,37.06958645,-121.58088684082031,924
682,Richland,Washington,54989,695,46.26893220510597,-119.249701303125,692
683,Manhattan,Kansas,54983,199,39.198665575901316,-96.58802032470703,199
684,Highland,California,54939,1088,34.1304132287745,-117.17806174804687,1000
685,Paramount,California,54909,1716,33.89920805,-118.15059295175149,1000
686,Commerce City,Colorado,54869,4985,39.82938588772022,-104.842542339418,1000
687,Huntersville,North Carolina,54839,410,35.44147760439765,-80.85035031790153,408
688,Euless,Texas,54769,1187,32.84569108216213,-97.10319992779225,1000
689,Pocatello,Idaho,54746,199,42.88145281965254,-112.44712829589844,199
690,Carson City,Nevada,54742,1252,39.16196616170965,-119.82101440429688,1000
691,Colton,California,54712,1502,34.040947112802996,-117.32128143310547,1000
692,Casa Grande,Arizona,54534,131,32.901172349999996,-111.7251205444336,131
693,West Haven,Connecticut,54516,1180,41.27520531237498,-72.96275340527345,1000
694,Rosemead,California,54500,4918,34.074366500000004,-118.08195645996094,1000
695,Blue Springs,Missouri,54431,257,39.01810540354405,-94.27608489990234,257
696,Hoboken,New Jersey,54379,1202,40.74413778441126,-74.0091275943802,1000
697,Normal,Illinois,54264,381,40.50715486267461,-88.97724151611328,381
698,Bonita Springs,Florida,54198,451,26.35217195,-81.80350860043944,448
699,Mount Prospect,Illinois,54171,1277,42.06113422925294,-87.91333601294927,1000
700,Cathedral City,California,54056,858,33.7917970567826,-116.4764770435165,849
701,Watsonville,California,53796,314,36.93558084449364,-121.76905020942382,314
702,Pensacola,Florida,53779,1306,30.447328009676504,-87.25396879589843,1000
703,Palm Beach Gardens,Florida,53778,3145,26.841077575262553,-80.16311645507812,1000
704,Lake Havasu City,Arizona,53743,181,34.508211983519175,-114.32599536157227,182
705,Elyria,Ohio,53715,834,41.38500603011907,-82.0678537,829
706,Bellevue,Nebraska,53505,335,41.168339712933665,-95.93395792574574,335
707,Wheaton,Illinois,53389,1038,41.85831482844101,-88.04491185,999
708,West New York,New Jersey,53343,724,40.7894319,-74.01283264160156,701
709,Yucaipa,California,53309,1117,34.046927267127806,-117.0552701780299,1000
710,Southaven,Mississippi,53214,306,34.98212974191348,-89.9653770421875,306
711,Albany,Oregon,53211,174,44.62785128382619,-123.0904769897461,173
712,Revere,Massachusetts,53157,622,42.40571013322024,-71.00904635968351,613
713,Caldwell,Idaho,53149,228,43.6528512546117,-116.6436914,228
714,Harrisonburg,Virginia,53078,288,38.43636833348748,-78.87222290039062,288
715,West Sacramento,California,52981,1869,38.57473146248047,-121.52076647084962,1000
716,Lenexa,Kansas,52903,2761,38.982585611907,-94.730039475,1000
717,Kingsport,Tennessee,52806,259,36.53509775409705,-82.53040560507813,259
718,Burlington,North Carolina,52709,407,36.085104900000005,-79.4696044921875,405
719,Delano,California,52707,87,35.770809294221394,-119.24835493554687,87
720,Leesburg,Virginia,52607,1397,39.13091830368202,-77.540564975,1000
721,DeSoto,Texas,52599,586,32.604649699999996,-96.86467959470349,581
722,Milford,Connecticut,52536,743,41.226171833864825,-73.05329512426758,733
723,Perth Amboy,New Jersey,52499,324,40.5143751657162,-74.2730319262525,324
724,Peabody,Massachusetts,52491,1173,42.52878476432154,-70.95223784072266,1000
725,Brookhaven,Georgia,52444,870,33.874789165375226,-84.33942613109718,852
726,Minnetonka,Minnesota,52369,2849,44.93385952934197,-93.43171143127444,1000
727,Palm Desert,California,52231,1469,33.74617144523776,-116.356201171875,1000
728,Placentia,California,52228,2828,33.881236468041095,-117.85662798823324,1000
729,Elkhart,Indiana,52221,443,41.68825075137791,-85.95634460449219,443
730,Joplin,Missouri,52195,352,37.07852739285354,-94.475212425,352
731,Pinellas Park,Florida,52137,1646,27.85396042090785,-82.7150856293398,1000
732,La Crosse,Wisconsin,52109,285,43.8284477153005,-91.2374339320181,285
733,Grapevine,Texas,51971,1265,32.933837825000005,-97.07640205575255,1000
734,Apple Valley,Minnesota,51957,92,44.79816507834407,-93.2061837637207,92
735,Tigard,Oregon,51902,1286,45.4371333534174,-122.757414775,1000
736,Glendora,California,51851,1806,34.12657363488732,-117.85858154296875,1000
737,Florissant,Missouri,51776,1940,38.79793339258118,-90.340576171875,1000
738,Oak Park,Illinois,51774,3207,41.888030703491495,-87.78638609255133,1000
739,Hoffman Estates,Illinois,51738,3223,42.063521674164896,-88.13437127499999,1000
740,Kentwood,Michigan,51689,1456,42.90995183113954,-85.60752868652344,1000
741,Battle Creek,Michigan,51534,222,42.32053487312914,-85.1829213716797,222
742,Grand Island,Nebraska,51517,132,40.91583611844386,-98.35956573486328,132
743,Aliso Viejo,California,51424,691,33.57432144370963,-117.7136705370234,669
744,Edina,Minnesota,51350,1363,44.8953754343043,-93.3366349,1000
745,Olympia,Washington,51202,739,47.040135974515174,-122.87157355,737
746,Parker,Colorado,51163,502,39.5372897,-104.77214813232422,501
747,Enid,Oklahoma,51004,133,36.398614547327945,-97.88542963564396,133
748,Burien,Washington,50997,355,47.47024892445488,-122.33081710709456,355
749,Coral Gables,Florida,50815,3576,25.7331290463993,-80.26679992675781,1000
750,Logan,Utah,50676,211,41.745945885223996,-111.83292388916016,210
751,Plainfield,New Jersey,50636,323,40.620820334810546,-74.4245206,322
752,Cerritos,California,50555,4686,33.86479745698678,-118.0571598932147,1000
753,Galveston,Texas,50550,446,29.3222276251207,-94.80720520019531,446
754,Coeur d'Alene,Idaho,50285,322,47.70420375807933,-116.78040943642577,322
755,Lakewood,Ohio,50279,1124,41.48336516081484,-81.79783315,1000
756,Poway,California,50077,842,32.95893864999999,-117.02916709169922,827
757,Troy,New York,49702,1635,42.73486300350986,-73.6688232421875,1000
758,Charleston,West Virginia,49138,436,38.342748832054134,-81.64009094238281,436
759,Saginaw,Michigan,48984,362,43.446392304235694,-83.98361206054688,362
760,Niagara Falls,New York,48632,1645,43.09341591019974,-78.98699142885748,1000
